LogisticRegression,SVC,XGBClassifier,KNeighborsClassifier,RandomForestClassifier,GaussianNB,DecisionTreeClassifier,GradientBoostingClassifier,LinearSVC,SGDClassifier,LogisticRegression_grid_searched,"LogisticRegression{""C"": 0.1, ""class_weight"": null, ""dual"": false, ""fit_intercept"": true, ""intercept_scaling"": 1, ""max_iter"": 100, ""multi_class"": ""ovr"", ""n_jobs"": 1, ""penalty"": ""l2"", ""random_state"": null, ""solver"": ""newton-cg"", ""tol"": 0.0001, ""verbose"": 0, ""warm_start"": true}","LogisticRegression{""C"": 0.4, ""class_weight"": null, ""dual"": false, ""fit_intercept"": true, ""intercept_scaling"": 1, ""max_iter"": 100, ""multi_class"": ""multinomial"", ""n_jobs"": 1, ""penalty"": ""l2"", ""random_state"": null, ""solver"": ""lbfgs"", ""tol"": 0.0001, ""verbose"": 0, ""warm_start"": false}","SVC{""C"": 0.5, ""cache_size"": 200, ""class_weight"": null, ""coef0"": 0.0, ""decision_function_shape"": ""ovo"", ""degree"": 3, ""gamma"": ""auto"", ""kernel"": ""rbf"", ""max_iter"": -1, ""probability"": false, ""random_state"": null, ""shrinking"": true, ""tol"": 0.001, ""verbose"": false}","SVC{""C"": 1.0, ""cache_size"": 200, ""class_weight"": null, ""coef0"": 0.0, ""decision_function_shape"": ""ovr"", ""degree"": 1, ""gamma"": ""auto"", ""kernel"": ""rbf"", ""max_iter"": -1, ""probability"": false, ""random_state"": null, ""shrinking"": true, ""tol"": 0.0005, ""verbose"": false}","SVC{""C"": 0.30000000000000004, ""cache_size"": 200, ""class_weight"": null, ""coef0"": 0.0, ""decision_function_shape"": ""ovo"", ""degree"": 1, ""gamma"": ""auto"", ""kernel"": ""rbf"", ""max_iter"": -1, ""probability"": false, ""random_state"": null, ""shrinking"": true, ""tol"": 0.0005, ""verbose"": false}","SVC{""C"": 0.3, ""cache_size"": 200, ""class_weight"": null, ""coef0"": 0.0, ""decision_function_shape"": ""ovo"", ""degree"": 1, ""gamma"": ""auto"", ""kernel"": ""rbf"", ""max_iter"": -1, ""probability"": false, ""random_state"": null, ""shrinking"": true, ""tol"": 0.0005, ""verbose"": false}","SVC{""C"": 0.28, ""cache_size"": 200, ""class_weight"": null, ""coef0"": 0.0, ""decision_function_shape"": ""ovo"", ""degree"": 1, ""gamma"": ""auto"", ""kernel"": ""rbf"", ""max_iter"": -1, ""probability"": false, ""random_state"": null, ""shrinking"": true, ""tol"": 0.0003, ""verbose"": false}","SVC{""C"": 0.28, ""cache_size"": 200, ""class_weight"": null, ""coef0"": 0.0, ""decision_function_shape"": ""ovo"", ""degree"": 1, ""gamma"": ""auto"", ""kernel"": ""rbf"", ""max_iter"": -1, ""probability"": false, ""random_state"": null, ""shrinking"": true, ""tol"": 0.0002, ""verbose"": false}","XGBClassifier{""base_score"": 0.5, ""booster"": ""gbtree"", ""colsample_bylevel"": 1, ""colsample_bytree"": 0.8, ""gamma"": 0, ""learning_rate"": 0.1, ""max_delta_step"": 0, ""max_depth"": 5, ""min_child_weight"": 1, ""missing"": null, ""n_estimators"": 100, ""n_jobs"": 1, ""nthread"": null, ""objective"": ""multi:softprob"", ""random_state"": 0, ""reg_alpha"": 0, ""reg_lambda"": 1, ""scale_pos_weight"": 1, ""seed"": null, ""silent"": true, ""subsample"": 0.8}","XGBClassifier{""base_score"": 0.5, ""booster"": ""gbtree"", ""colsample_bylevel"": 1, ""colsample_bytree"": 0.8, ""gamma"": 0, ""learning_rate"": 0.1, ""max_delta_step"": 0, ""max_depth"": 3, ""min_child_weight"": 1, ""missing"": null, ""n_estimators"": 100, ""n_jobs"": 1, ""nthread"": null, ""objective"": ""multi:softprob"", ""random_state"": 0, ""reg_alpha"": 0, ""reg_lambda"": 1, ""scale_pos_weight"": 0.8, ""seed"": null, ""silent"": true, ""subsample"": 0.8}","XGBClassifier{""base_score"": 0.5, ""booster"": ""gbtree"", ""colsample_bylevel"": 1, ""colsample_bytree"": 0.9, ""gamma"": 0, ""learning_rate"": 0.1, ""max_delta_step"": 0, ""max_depth"": 2, ""min_child_weight"": 1, ""missing"": null, ""n_estimators"": 100, ""n_jobs"": 1, ""nthread"": null, ""objective"": ""multi:softprob"", ""random_state"": 0, ""reg_alpha"": 0, ""reg_lambda"": 1, ""scale_pos_weight"": 0.8, ""seed"": null, ""silent"": true, ""subsample"": 1}","XGBClassifier{""base_score"": 0.5, ""booster"": ""gbtree"", ""colsample_bylevel"": 1, ""colsample_bytree"": 1, ""gamma"": 0, ""learning_rate"": 0.1, ""max_delta_step"": 0, ""max_depth"": 2, ""min_child_weight"": 1, ""missing"": null, ""n_estimators"": 100, ""n_jobs"": 1, ""nthread"": null, ""objective"": ""multi:softprob"", ""random_state"": 0, ""reg_alpha"": 0, ""reg_lambda"": 1, ""scale_pos_weight"": 0.8, ""seed"": null, ""silent"": true, ""subsample"": 1}","XGBClassifier{""base_score"": 0.5, ""booster"": ""gbtree"", ""colsample_bylevel"": 1, ""colsample_bytree"": 1, ""gamma"": 0, ""learning_rate"": 0.1, ""max_delta_step"": 0, ""max_depth"": 2, ""min_child_weight"": 5, ""missing"": null, ""n_estimators"": 100, ""n_jobs"": 1, ""nthread"": null, ""objective"": ""multi:softprob"", ""random_state"": 0, ""reg_alpha"": 0, ""reg_lambda"": 1, ""scale_pos_weight"": 0.8, ""seed"": null, ""silent"": true, ""subsample"": 1}","XGBClassifier{""base_score"": 0.5, ""booster"": ""gbtree"", ""colsample_bylevel"": 1, ""colsample_bytree"": 1, ""gamma"": 0.1, ""learning_rate"": 0.1, ""max_delta_step"": 0, ""max_depth"": 2, ""min_child_weight"": 5, ""missing"": null, ""n_estimators"": 100, ""n_jobs"": 1, ""nthread"": null, ""objective"": ""multi:softprob"", ""random_state"": 0, ""reg_alpha"": 0, ""reg_lambda"": 1, ""scale_pos_weight"": 0.8, ""seed"": null, ""silent"": true, ""subsample"": 1}","XGBClassifier{""base_score"": 0.5, ""booster"": ""gbtree"", ""colsample_bylevel"": 1, ""colsample_bytree"": 0.7, ""gamma"": 0.1, ""learning_rate"": 0.1, ""max_delta_step"": 0, ""max_depth"": 2, ""min_child_weight"": 5, ""missing"": null, ""n_estimators"": 100, ""n_jobs"": 1, ""nthread"": null, ""objective"": ""multi:softprob"", ""random_state"": 0, ""reg_alpha"": 0, ""reg_lambda"": 1, ""scale_pos_weight"": 0.8, ""seed"": null, ""silent"": true, ""subsample"": 0.8}","XGBClassifier{""base_score"": 0.5, ""booster"": ""gbtree"", ""colsample_bylevel"": 1, ""colsample_bytree"": 0.7, ""gamma"": 0.1, ""learning_rate"": 0.1, ""max_delta_step"": 0, ""max_depth"": 2, ""min_child_weight"": 5, ""missing"": null, ""n_estimators"": 100, ""n_jobs"": 1, ""nthread"": null, ""objective"": ""multi:softprob"", ""random_state"": 0, ""reg_alpha"": 1e-05, ""reg_lambda"": 1, ""scale_pos_weight"": 0.8, ""seed"": null, ""silent"": true, ""subsample"": 0.8}","XGBClassifier{""base_score"": 0.5, ""booster"": ""gbtree"", ""colsample_bylevel"": 1, ""colsample_bytree"": 0.7, ""gamma"": 0, ""learning_rate"": 0.1, ""max_delta_step"": 0, ""max_depth"": 2, ""min_child_weight"": 5, ""missing"": null, ""n_estimators"": 100, ""n_jobs"": 1, ""nthread"": null, ""objective"": ""multi:softprob"", ""random_state"": 0, ""reg_alpha"": 1e-05, ""reg_lambda"": 1, ""scale_pos_weight"": 0.8, ""seed"": null, ""silent"": true, ""subsample"": 0.8}","XGBClassifier{""base_score"": 0.5, ""booster"": ""gbtree"", ""colsample_bylevel"": 1, ""colsample_bytree"": 0.7, ""gamma"": 0, ""learning_rate"": 0.01, ""max_delta_step"": 0, ""max_depth"": 2, ""min_child_weight"": 5, ""missing"": null, ""n_estimators"": 1000, ""n_jobs"": 1, ""nthread"": null, ""objective"": ""multi:softprob"", ""random_state"": 0, ""reg_alpha"": 1e-05, ""reg_lambda"": 1, ""scale_pos_weight"": 0.8, ""seed"": null, ""silent"": true, ""subsample"": 0.8}","XGBClassifier{""base_score"": 0.5, ""booster"": ""gbtree"", ""colsample_bylevel"": 1, ""colsample_bytree"": 0.7, ""gamma"": 0, ""learning_rate"": 0.01, ""max_delta_step"": 0, ""max_depth"": 2, ""min_child_weight"": 5, ""missing"": null, ""n_estimators"": 100, ""n_jobs"": 1, ""nthread"": null, ""objective"": ""multi:softprob"", ""random_state"": 0, ""reg_alpha"": 1e-05, ""reg_lambda"": 1, ""scale_pos_weight"": 0.8, ""seed"": null, ""silent"": true, ""subsample"": 0.8}","SVC{""C"": 0.3, ""cache_size"": 200, ""class_weight"": null, ""coef0"": 0.0, ""decision_function_shape"": ""ovo"", ""degree"": 1, ""gamma"": ""auto"", ""kernel"": ""rbf"", ""max_iter"": -1, ""probability"": true, ""random_state"": null, ""shrinking"": true, ""tol"": 0.0005, ""verbose"": false}","SVC{""C"": 0.28, ""cache_size"": 200, ""class_weight"": null, ""coef0"": 0.0, ""decision_function_shape"": ""ovo"", ""degree"": 1, ""gamma"": ""auto"", ""kernel"": ""rbf"", ""max_iter"": -1, ""probability"": true, ""random_state"": null, ""shrinking"": true, ""tol"": 0.0002, ""verbose"": false}","LogisticRegression{""C"": 0.1, ""class_weight"": null, ""dual"": false, ""fit_intercept"": true, ""intercept_scaling"": 1, ""max_iter"": 100, ""multi_class"": ""ovr"", ""n_jobs"": null, ""penalty"": ""l2"", ""random_state"": null, ""solver"": ""newton-cg"", ""tol"": 0.0001, ""verbose"": 0, ""warm_start"": true}","LogisticRegression{""C"": 0.4, ""class_weight"": null, ""dual"": false, ""fit_intercept"": true, ""intercept_scaling"": 1, ""max_iter"": 100, ""multi_class"": ""multinomial"", ""n_jobs"": null, ""penalty"": ""l2"", ""random_state"": null, ""solver"": ""lbfgs"", ""tol"": 0.0001, ""verbose"": 0, ""warm_start"": false}","SVC{""C"": 0.3, ""cache_size"": 200, ""class_weight"": null, ""coef0"": 0.0, ""decision_function_shape"": ""ovo"", ""degree"": 1, ""gamma"": ""auto_deprecated"", ""kernel"": ""rbf"", ""max_iter"": -1, ""probability"": true, ""random_state"": null, ""shrinking"": true, ""tol"": 0.0005, ""verbose"": false}","SVC{""C"": 0.28, ""cache_size"": 200, ""class_weight"": null, ""coef0"": 0.0, ""decision_function_shape"": ""ovo"", ""degree"": 1, ""gamma"": ""auto_deprecated"", ""kernel"": ""rbf"", ""max_iter"": -1, ""probability"": true, ""random_state"": null, ""shrinking"": true, ""tol"": 0.0002, ""verbose"": false}"
0.533528081,0.538537784,0.534321034,0.464617973,0.486543536,0.514245229,0.418681158,0.528511399,0.5335364579999999,0.484451564,,,,,,,,,,,,,,,,,,,,,,,,,,
0.535111893,0.5422519579999999,0.536434644,0.462524605,0.473869554,0.513462747,0.4284485770000001,0.531416565,0.489681842,0.440319136,,,,,,,,,,,,,,,,,,,,,,,,,,
0.5375019195599671,0.5343370886906508,0.5359111278636344,0.4596215325766776,0.483384288925186,0.5126865463277073,0.4281965908614985,0.5256146082003602,0.5060993145425864,0.43403414722675937,,,,,,,,,,,,,,,,,,,,,,,,,,
0.538014965587525,0.5398591391995087,0.5340508997501081,0.4590784716114532,0.4714941854783544,0.5100277812678868,0.4221328754310285,0.5306194245508231,0.4709839315380212,0.4532353310717426,,,,,,,,,,,,,,,,,,,,,,,,,,
0.5366894221775488,0.5401188033114155,0.5361610196702544,0.4646130865128227,0.4801894431182029,0.5126621155644903,0.4200032109003085,0.5266595468442434,0.491310326534601,0.4556672390445478,,,,,,,,,,,,,,,,,,,,,,,,,,
0.5364395303709287,0.5411909648057406,0.5285120967179014,0.4659518923371167,0.4957790621379013,0.5139834708436292,0.4208115201518895,0.5295702977761024,0.4701707361337968,0.4484929709204116,,,,,,,,,,,,,,,,,,,,,,,,,,
0.5345632477558601,0.5427496474989879,0.5345639457776661,0.4648811268864039,0.4749082101324845,0.5118684647708394,0.4197379626139521,0.5279550753165528,0.4839015230835811,0.35112730521701496,,,,,,,,,,,,,,,,,,,,,,,,,,
0.5382927782663931,0.539867515461183,0.5361791682372157,0.4672858120087672,0.4812609065907218,0.5118866133378006,0.4252893300386704,0.529846016389552,0.4781330708771343,0.41656266141754267,,,,,,,,,,,,,,,,,,,,,,,,,,
0.5377615836718739,0.5388100124247883,0.537758791584649,0.4670059052644805,0.4730786949784311,0.512945512417808,0.4142040457343888,0.5229823679691753,0.4886725021289665,0.460139464756879,,,,,,,,,,,,,,,,,,,,,,,,,,
0.5366998925046419,0.543034440395918,0.5332719074143876,0.4699012997166031,0.4812546243944661,0.5129455124178078,0.4178965810891932,0.5248230514721279,0.4767558738534993,0.4683314486744566,,,,,,,,,,,,,,,,,,,,,,,,,,
0.5340620680990072,0.5398710055702141,0.5314249417151792,0.465949798271698,0.4870551856039983,0.5121392972316455,0.4242381091985313,0.5248230514721279,0.4799025561558541,0.3965336237104048,,,,,,,,,,,,,,,,,,,,,,,,,,
0.5382830059611062,0.5443578897404755,0.5369644427691921,0.4672718515726432,0.4693896497326576,0.5118956876212813,0.4363899708226885,0.5295765799723584,0.523494715974927,0.4569299604919658,,,,,,,,,,,,,,,,,,,,,,,,,,
0.5353589926149291,0.5390633943404392,0.5343126579274337,0.465675475701861,0.4791340341472268,0.5108123577780569,0.42792366433527385,0.5263922044924684,0.5263817341653754,0.4393042118635786,,,,,,,,,,,,,,,,,,,,,,,,,,
0.538261367285114,0.5422205469698873,0.5319303095028689,0.4590721894151974,0.4783354972009326,0.5100235931370495,0.4231750219876869,0.5255852912844996,0.4920802445868409,0.4490339378202176,,,,,,,,,,,,,,,,,,,,,,,,,,
0.5358873951222237,0.538788373748796,0.5303311415448618,,,,,,,,,,,,,,,,,,,,,,,,,,,,,,,,,
0.5374698105568817,,,,,,,,,,,,,,,,,,,,,,,,,,,,,,,,,,,
0.5311527132107607,,,,,,,,,,,,,,,,,,,,,,,,,,,,,,,,,,,
0.5382788178302691,,,,,,,,,,,,,,,,,,,,,,,,,,,,,,,,,,,
0.5322060281163183,,,,,,,,,,,,,,,,,,,,,,,,,,,,,,,,,,,
0.5401355558347644,,,,,,,,,,,,,,,,,,,,,,,,,,,,,,,,,,,
0.5374809789057811,,,,,,,,,,,,,,,,,,,,,,,,,,,,,,,,,,,
0.5361659058228979,,,,,,,,,,,,,,,,,,,,,,,,,,,,,,,,,,,
0.5374977314291298,,,,,,,,,,,,,,,,,,,,,,,,,,,,,,,,,,,
0.5396022671748266,,,,,,,,,,,,,,,,,,,,,,,,,,,,,,,,,,,
0.5393433010847258,,,,,,,,,,,,,,,,,,,,,,,,,,,,,,,,,,,
0.5372262009465176,,,,,,,,,,,,,,,,,,,,,,,,,,,,,,,,,,,
0.537751113344781,,,,,,,,,,,,,,,,,,,,,,,,,,,,,,,,,,,
0.5380065893258507,,,,,,,,,,,,,,,,,,,,,,,,,,,,,,,,,,,
0.5377399449958817,,,,,,,,,,,,,,,,,,,,,,,,,,,,,,,,,,,
0.539076656754757,,,,,,,,,,,,,,,,,,,,,,,,,,,,,,,,,,,
0.536433248174673,,,,,,,,,,,,,,,,,,,,,,,,,,,,,,,,,,,
0.5340550878809454,,,,,,,,,,,,,,,,,,,,,,,,,,,,,,,,,,,
0.5414450447431978,,,,,,,,,,,,,,,,,,,,,,,,,,,,,,,,,,,
0.5393544694336251,,,,,,,,,,,,,,,,,,,,,,,,,,,,,,,,,,,
0.5390682804930826,,,,,,,,,,,,,,,,,,,,,,,,,,,,,,,,,,,
0.5372248049029053,,,,,,,,,,,,,,,,,,,,,,,,,,,,,,,,,,,
0.5361589256048358,,,,,,,,,,,,,,,,,,,,,,,,,,,,,,,,,,,
0.5374726026441066,,,,,,,,,,,,,,,,,,,,,,,,,,,,,,,,,,,
0.5353869134871774,,,,,,,,,,,,,,,,,,,,,,,,,,,,,,,,,,,
0.5398654213957644,,,,,,,,,,,,,,,,,,,,,,,,,,,,,,,,,,,
0.5359139199508592,,,,,,,,,,,,,,,,,,,,,,,,,,,,,,,,,,,
0.5409236224539654,,,,,,,,,,,,,,,,,,,,,,,,,,,,,,,,,,,
0.5377469252139437,,,,,,,,,,,,,,,,,,,,,,,,,,,,,,,,,,,
0.5361645097792855,,,,,,,,,,,,,,,,,,,,,,,,,,,,,,,,,,,
0.5401229914422527,,,,,,,,,,,,,,,,,,,,,,,,,,,,,,,,,,,
0.5411811925004537,,,,,,,,,,,,,,,,,,,,,,,,,,,,,,,,,,,
0.5393363208666638,,,,,,,,,,,,,,,,,,,,,,,,,,,,,,,,,,,
0.5356500677081153,,,,,,,,,,,,,,,,,,,,,,,,,,,,,,,,,,,
0.5353855174435649,,,,,,,,,,,,,,,,,,,,,,,,,,,,,,,,,,,
0.5382781198084627,,,,,,,,,,,,,,,,,,,,,,,,,,,,,,,,,,,
0.5359153159944716,,,,,,,,,,,,,,,,,,,,,,,,,,,,,,,,,,,
0.538812804512013,,,,,,,,,,,,,,,,,,,,,,,,,,,,,,,,,,,
0.5361707919755412,,,,,,,,,,,,,,,,,,,,,,,,,,,,,,,,,,,
0.5387960519886641,,,,,,,,,,,,,,,,,,,,,,,,,,,,,,,,,,,
0.5401257835294775,,,,,,,,,,,,,,,,,,,,,,,,,,,,,,,,,,,
0.5390759587329509,,,,,,,,,,,,,,,,,,,,,,,,,,,,,,,,,,,
0.5382864960701372,,,,,,,,,,,,,,,,,,,,,,,,,,,,,,,,,,,
0.5377385489522692,,,,,,,,,,0.5356263349667043,,,,,,,,,,,,,,,,,,,,,,,,,
0.5356361072719911,,,,,,,,,,0.5377511133447809,,,,,,,,,,,,,,,,,,,,,,,,,
0.5361582275830298,,,,,,,,,,0.5372171266630369,,,,,,,,,,,,,,,,,,,,,,,,,
0.539073166645726,,,,,,,,,,0.5380163616311373,,,,,,,,,,,,,,,,,,,,,,,,,
0.5372255029247114,,,,,,,,,,0.5380163616311373,,,,,,,,,,,,,,,,,,,,,,,,,
0.5356430874900531,,,,,,,,,,0.5348515307618209,,,,,,,,,,,,,,,,,,,,,,,,,
0.535892281274867,,,,,,,,,,0.5358894891876422,,,,,,,,,,,,,,,,,,,,,,,,,
0.5369616506819674,,,,,,,,,,0.5401264815512836,,,,,,,,,,,,,,,,,,,,,,,,,
0.5356347112283788,,,,,,,,,,0.5380135695439124,,,,,,,,,,,,,,,,,,,,,,,,,
0.5359027516019601,,,,,,,,,,0.538275327721238,,,,,,,,,,,,,,,,,,,,,,,,,
0.5366977984392232,,,,,,,,,,0.539076656754757,,,,,,,,,,,,,,,,,,,,,,,,,
0.536426267956611,,,,,,,,,,0.5364241738911923,,,,,,,,,,,,,,,,,,,,,,,,,
0.5353764431600843,,,,,,,,,,0.5366943083301923,,,,,,,,,,,,,,,,,,,,,,,,,
0.5356458795772779,,,,,,,,,,0.5372255029247113,,,,,,,,,,,,,,,,,,,,,,,,,
0.5377671678463235,,,,,,,,,,0.538295570353618,,,,,,,,,,,,,,,,,,,,,,,,,
0.5356298250757354,,,,,,,,,,0.54091175608326,,,,,,,,,,,,,,,,,,,,,,,,,
0.5359034496237662,,,,,,,,,,,0.5374900531892617,,,,,,,,,,,,,,,,,,,,,,,,
0.5372094484231686,,,,,,,,,,,0.5372087504013625,,,,,,,,,,,,,,,,,,,,,,,,
0.5335238932864262,,,,,,,,,,,0.536159623626642,0.5374809789057811,,,,,,,,,,,,,,,,,,,,,,,
0.5356486716645028,,,,,,,,,,,0.5396092473928886,0.5401362538565705,,,,,,,,,,,,,,,,,,,,,,,
0.5372387653390293,,,,,,,,,,,0.5372408594044478,0.5390892211472685,,,,,,,,,,,,,,,,,,,,,,,
0.5343182421018832,,,,,,,,,,,0.5351091008083093,0.5332600410436822,,,,,,,,,,,,,,,,,,,,,,,
0.5364486046544095,,,,,,,,,,,0.5377678658681296,0.5375040136253857,,,,,,,,,,,,,,,,,,,,,,,
0.5372429534698664,,,,,,,,,,,0.5375088997780291,0.5372436514916726,,,,,,,,,,,,,,,,,,,,,,,
0.5419804274685541,,,,,,,,,,,0.5406604682330276,0.5385510463346874,,,,,,,,,,,,,,,,,,,,,,,
0.5374830729711996,,,,,,,,,,,0.5366894221775489,0.5382732336558194,,,,,,,,,,,,,,,,,,,,,,,
,0.5398654213957645,,,,,,,,,,,,0.5422407896022673,,,,,,,,,,,,,,,,,,,,,,
,0.5395897027823149,,,,,,,,,,,,,0.5395897027823149,,,,,,,,,,,,,,,,,,,,,
,0.536710362831735,,,,,,,,,,,,,,0.5382871940919434,,,,,,,,,,,,,,,,,,,,
,0.5417109910513604,,,,,,,,,,,,,,,0.5409194343231283,,,,,,,,,,,,,,,,,,,
,0.5396106434365009,,,,,,,,,,,,,,,0.5390822409292066,,,,,,,,,,,,,,,,,,,
,0.5377539054320056,,,,,,,,,,,,,,,0.5382809118956877,,,,,,,,,,,,,,,,,,,
,0.5401097290279349,,,,,,,,,,,,,,,0.5414303862852676,,,,,,,,,,,,,,,,,,,
,0.5417081989641357,,,,,,,,,,,,,,,0.5419706551632673,,,,,,,,,,,,,,,,,,,
,0.5364283620220295,,,,,,,,,,,,,,,0.5406486018623222,,,,,,,,,,,,,,,,,,,
,0.5427733802403987,,,,,,,,,,,,,,,0.5419839175775851,,,,,,,,,,,,,,,,,,,
,0.5385482542474627,,,,,,,,,,,,,,,0.5425116220630732,0.5427754743058173,,,,,,,,,,,,,,,,,,
,0.5435523725761194,,,,,,,,,,,,,,,0.5409103600396478,0.5401188033114155,,,,,,,,,,,,,,,,,,
,0.5374837709930057,,,,,,,,,,,,,,,0.5398577431558962,,0.53985704513409,,,,,,,,,,,,,,,,,
,0.5422470717985229,,,,,,,,,,,,,,,0.5411909648057406,,0.5409278105848027,,,,,,,,,,,,,,,,,
,0.5393286426267957,,,,,,,,,,,,,,,0.5403861456631904,,0.5414422526559729,,,,,,,,,,,,,,,,,
,0.5372262009465176,,,,,,,,,,,,,,,0.5401341597911519,,0.5396057572838575,,,,,,,,,,,,,,,,,
,,0.5366894221775489,,,,,,,,,,,,,,,,,0.5287640825899402,,,,,,,,,,,,,,,,
,,0.5337765771802712,,,,,,,,,,,,,,,,,,0.5303464980245983,,,,,,,,,,,,,,,
,,0.5353506163532549,,,,,,,,,,,,,,,,,,,0.5393063059289972,,,,,,,,,,,,,,
,,0.5327274504055507,,,,,,,,,,,,,,,,,,,,0.5387981460540827,,,,,,,,,,,,,
,,0.5348536248272395,,,,,,,,,,,,,,,,,,,,,0.5396120394801134,,,,,,,,,,,,
,,0.5366908182211612,,,,,,,,,,,,,,,,,,,,,0.5364241738911923,,,,,,,,,,,,
,,0.5351139869609527,,,,,,,,,,,,,,,,,,,,,,0.5427705881531739,,,,,,,,,,,
,,0.5319303095028689,,,,,,,,,,,,,,,,,,,,,,,0.5398528570032528,,,,,,,,,,
,,0.5390738646675322,,,,,,,,,,,,,,,,,,,,,,,0.5382851000265249,,,,,,,,,,
,,0.539069676536695,,,,,,,,,,,,,,,,,,,,,,,,0.5374795828621686,,,,,,,,,
,,0.5316825117616675,,,,,,,,,,,,,,,,,,,,,,,,,0.5388086163811757,,,,,,,,
,,0.5351342295933325,,,,,,,,,,,,,,,,,,,,,,,,,,0.5409368848682833,,,,,,,
,,0.5361477572559367,,,,,,,,,,,,,,,,,,,,,,,,,,0.5416935405062053,,,,,,,
,,0.5337982158562633,,,,,,,,,,,,,,,,,,,,,,,,,,,0.541979729446748,,,,,,
,,0.5348487386745961,,,,,,,,,,,,,,,,,,,,,,,,,,,0.542503245801399,,,,,,
,,0.5337877455291704,,,,,,,,,,,,,,,,,,,,,,,,,,,0.5419664670324301,,,,,,
0.5395897027823148,0.5372108444667811,0.5361519453867738,0.4630369532744202,0.4981390738646675,0.5108263182141811,0.4176445952171545,0.5277121637279949,0.49286133098798,0.4997340536918374,,0.5390619982968269,0.5380037972386258,,,,0.5398521589814466,,0.5403805614887409,,,,,,,,,,0.5406451117532911,,,,,,,
0.5390815429074005,0.5396092473928885,0.5348564169144645,0.4630571959068002,0.4860144350909524,0.5147938741606286,0.4300554229314124,0.5311596934288227,0.4873518448716338,0.468602979157069,,0.539080146863788,0.5390836369728189,,,,0.5411951529365778,,0.541459703201128,,,,,,,,,,0.5414610992447404,,,,,,,
0.5356416914464408,0.5393286426267957,0.5343203361673019,0.466751127305217,0.4933967137133364,0.5129413242869707,0.4316364423224581,0.532998980888163,0.5129399282433583,0.4253221370635619,,0.5396015691530204,0.5367005905264479,,,,0.5403903337940277,,0.5409180382795158,,,,,,,,,,0.5382809118956876,,,,,,,
0.5330094512152559,0.5382864960701373,0.5324775585989305,0.462775893118901,0.470962292862029,0.5145293238960786,0.4142040457343887,0.5224483812874314,0.4826066926330779,0.4585912523907247,,0.5359153159944717,0.537231087099161,,,,0.5390787508201755,,0.5398703075484079,,,,,,,,,,0.5419846155993913,,,,,,,
0.5340634641426198,0.5390836369728189,0.533280283676062,,,,,,,,,0.5396148315673381,0.5398793818318884,,,,0.5446259301140567,,0.5433066689003364,,,,,,,,,,0.5409313006938337,,,,,,,
0.5364353422400916,0.5411749103041978,0.537220616772068,,,,,,,,,0.5356430874900531,0.5361659058228979,,,,0.5419727492286859,,0.5417081989641357,,,,,,,,,,0.5417088969859418,,,,,,,
0.5356423894682469,0.5403875417068029,0.5337954237690385,,,,,,,,,0.5359041476455725,0.5377532074101995,,,,0.5403875417068029,,0.5403882397286092,,,,,,,,,,0.5414478368304227,,,,,,,
0.5377678658681297,0.5042258240147423,0.5309056134913656,,,,,,,,,0.5380296240454552,0.5382892881573621,,,,0.4857526769136268,,0.4825878460443104,,,,,,,,,,0.5396162276109505,,,,,,,
0.5375054096689981,0.540141140009214,0.5287920034621882,,,,,,,,,0.5356570479261771,0.5372401613826415,,,,0.5417277435747092,,0.5427831525456855,,,,,,,,,,0.5367145509625721,,,,,,,
0.5348403624129218,0.5398577431558962,0.5319400818081557,,,,,,,,,0.5366894221775487,0.5390647903840516,,,,0.5366901201993551,,0.5361624157138669,,,,,,,,,,0.5388065223157572,,,,,,,
0.5374935432982927,0.5374879591238431,0.5372268989683238,,,,,,,,,0.5359055436891849,0.5396001731094079,,,,0.5432975946168559,,0.5430337423741118,,,,,,,,,,0.5364360402618977,,,,,,,
0.5379218164143869,0.536349812526038,0.5379183446743507,,,,,,,,,0.5352895431190113,0.5397666990695738,,,,0.5418809887515623,,0.5413539786140813,,,,,,,,,,0.5416094986807388,,,,,,,
0.5373996667129566,0.5400333287043466,0.5323934175808915,,,,,,,,,0.5358144702124704,0.5339702819052909,,,,0.5408200249965283,,0.5405568671017914,,,,,,,,,,0.5400277739202889,,,,,,,
0.5358339119566727,0.5371531731703929,0.529510484654909,,,,,,,,,0.5395229829190391,0.5397882238577976,,,,,,,,,,,,,,,,0.5389938897375364,,0.5390001388696014,0.5397903069018192,,,,
0.5307000612745097,0.5318704044117647,0.5307169117647058,,,,,,,,,0.5326608455882352,0.531095281862745,,,,,,,,,,,,,,,,0.5338388480392157,,0.5350030637254901,0.5350030637254901,,,,
0.535301347035134,0.542159422302458,0.5339855575614498,,,,,,,,,0.5366129704207749,0.5366136647687821,,,,,,,,,,,,,,,,0.5408276628246077,,0.5429454242466324,0.5432085821413691,,,,
0.5368823774475768,0.5371448409943064,0.5326704624357729,,,,,,,,,0.5379412581585891,0.5384724343841134,,,,,,,,,,,,,,,,0.5403096792112206,,0.5405686710179143,0.5405693653659214,,,,
0.5352461832323315,,,,,,,,,,,0.5349816547800635,0.5344601558313063,,,,,,,,,,,,,,,,,,,,,,,
0.5376235038682992,0.5381463769908342,0.5321151282791222,,,,,,,,,0.5350002061260666,0.5386768080691484,,,,,,,,,,,,,,,,0.5344787071773096,,0.5384047216611012,0.5389289689574144,,,,
0.561740890688259,0.5542510121457489,0.5554655870445344,,,,,,,,,0.5605263157894738,0.5562753036437247,,,,,,,,,,,,,,,,0.5589068825910932,,0.5591093117408906,0.5591093117408906,,,,
0.5611336032388664,,0.5530364372469635,,,,,,,,,0.5562753036437247,0.5382591093117408,,,,,,,,,,,,,,,,0.5589068825910932,,,,,,,
0.5322545514699799,,0.5241138304031762,,,,,,,,,0.5333265938186397,0.5301100072602953,,,,,,,,,,,,,,,,0.5309692953837388,,,,,,,
0.538719407456267,,0.5326806007887757,,,,,,,,,0.538981187560979,0.538981874647868,,,,,,,,,,,,,,,,0.5405518681892512,,,,,,,
0.5410623737477842,0.5376537356914156,0.5381862280303966,,,,,,,,,0.5384397630924407,0.5436891069244616,,,,,,,,,,,,,,,,0.544744472385978,,0.540279094694315,0.5400166275027141,,,,
0.5303167878247603,0.5288252106864195,0.5277476541893742,,,,,,,,,0.5313883706610545,0.5301035740871788,,,,,,,,,,,,,,,,0.5341739346205806,,0.5365367472038672,0.5369650127284925,,,,
0.5363578898187465,0.539244341839469,0.5368766404199475,,,,,,,,,0.5381937859861757,0.5374043231507056,,,,,,,,,,,,,,,,0.5397644666144481,,0.539240219318135,0.5400276208929382,,,,
0.5326704101607374,0.5307468913988476,0.5277448971151815,,,,,,,,,0.53352877925945,0.5307459723741166,,,,,,,,,,,,,,,,0.533319241620792,,0.5363171002931689,0.536530773543116,,,,
0.5318152576485833,0.5322467397597671,0.5288155609267445,,,,,,,,,0.5316011248862706,0.532885461947781,,,,,,,,,,,,,,,,0.5333141869847717,,0.5367467443548906,0.5363180193178998,,,,
0.5402825301287602,0.5413330859820532,,,,,,,,,,0.5387070398922648,0.5397562215717799,,,,,,,,,,,,,,,,,,,,,,,
0.5379203254043506,0.5410678704428963,,,,,,,,,,0.5371322367426584,0.5381814184221737,,,,,,,,,,,,,,,,,,,,,,,
0.5339524496604204,0.5313851540744962,,,,,,,,,,0.5337373978733769,0.5320261738243377,,,,,,,,,,,,,,,,,,,,,,,
0.5339758847910597,0.5335402670685868,0.5262560770510335,,,,,,,,,0.5322628226925586,0.5329061400042275,,,,,,,,,,,,,,,,0.5309748095321245,,0.5352597623402046,0.5352602218525702,,,,
0.5379354413159089,0.5408184579021864,0.5355677398963873,,,,,,,,,0.5400317434142722,0.5400324305011612,,,,,,,,,,,,,,,,0.5405566777974742,,0.5439680642013989,0.5431806626265958,,,,
0.5384377018317738,0.5400021986780448,0.5339682016187767,,,,,,,,,0.5373857718047024,0.5376461777356365,,,,,,,,,,,,,,,,0.540528507235025,,0.5415804372620963,0.5410555028788941,,,,
0.5350043286474009,0.5407820422970689,0.5365825672314521,,,,,,,,,,,,,,,,,,,,,,,,,,0.5407737972544007,,,,0.5357931043959818,0.5360596941089171,0.5418291627159171,0.5413042283327151
0.5371308625688804,0.5410513803575601,0.5365942477085652,,,,,,,,,,,,,,,,,,,,,,,,,,0.5410582512264501,,,,0.5373871459784805,0.5381745475532835,0.5423582196204532,0.5426206868120542
0.5384246471808825,0.5447128663890836,0.5381697379450605,,,,,,,,,,,,,,,,,,,,,,,,,,0.5434080883868573,,,,0.5381621799892815,0.5415701309587612,0.5415687567849831,0.5415687567849831
0.54038441152307,0.5437309516868523,0.5329307237696446,,,,,,,,,0.5421885352344101,0.5401299923144196,,,,,,,,,,,,,,,,0.5396185036970291,,0.5442444279543105,0.5437302891368297,,,,
0.537719992090172,0.5438758157010085,0.5325845362863357,,,,,,,,,0.5369468064069606,0.5379770614989122,,,,,,,,,,,,,,,,0.5384846087930921,,0.5438764748533387,0.5446457056225694,,,,
